,sad,angry,happy,fearful,neutral,disgusted,surprised
0,0.22857163846492767,0.0004344605258665979,0.724712073802948,0.0012142296181991696,0.044007040560245514,0.0010326250921934843,2.7829881219076924e-05
